Exporters,Importers,Exported value in 2012,Exported value in 2013,Exported value in 2014,Exported value in 2015,Exported value in 2016
UK,World,481225754,548041853,511145443,466295683,408934503
UK,USA,64195617,62795007,64197476,69381207,60399352
UK,Germany,52046679,48040601,52026088,46631518,43637136
UK,France,34477025,35028468,32503639,27275622,25899350
UK,Netherlands,37848605,37343498,36737709,26457524,25597601
UK,Ireland,25520953,28376124,29319080,25499052,22899162
UK,Switzerland,16207201,71112261,35132598,34021569,18880247
UK,China,15688191,18119205,26235500,27625409,17963306
UK,Belgium,21702278,21282489,20783709,17715048,15769818
UK,Italy,12390982,13159617,14426201,12879341,13109678
UK,Spain,12924131,13258360,14511376,13536203,12670015
UK,United Arab Emirates,8247371,15565374,10538688,10449620,8973867
UK,"Hong Kong, China",9129304,14137564,12047457,10135162,8849211
UK,Special categories,0,0,0,0,7974786
UK,Japan,7265956,7039625,7129033,6589815,6353986
UK,Canada,7692771,7080068,6743229,5873845,6153434
UK,Sweden,8715212,8721302,8987370,6747476,6118144
UK,Singapore,6905516,6665452,6245889,6004130,6111406
UK,Turkey,5571480,6793630,6130731,5398413,6018495
UK,"Korea, Republic of",7249722,7539887,6911799,7164477,5836802
UK,Saudi Arabia,5165375,6600495,6873329,8300479,5832967
UK,Poland,5119920,5683919,6308905,5537518,5690784
UK,Australia,7017649,6337133,6056547,5784002,5211333
UK,India,7239687,8005564,6411584,5978363,4351908
UK,Norway,5769582,5548661,6055438,4844634,4069724
UK,Russian Federation,8744455,8104219,6641244,3893959,3368771
UK,Denmark,4027377,4570207,4595270,3534250,3364480
UK,Czech Republic,2765019,2941550,3362409,2999000,2903867
UK,South Africa,5500088,4055613,3919867,3364302,2648932
UK,Brazil,4093084,4025714,3798274,3276148,2519170
UK,Qatar,2074853,2294899,2756949,3115378,2481204
UK,Austria,2336836,2517657,2669238,2454159,2446210
UK,Portugal,2058162,2076412,2191585,1911095,1940272
UK,Hungary,1649339,1894758,1990225,1951036,1828899
UK,Finland,2311078,2357033,2633926,2054751,1803691
UK,Malaysia,2348963,2453724,2469238,2057110,1725916
UK,Mexico,1697337,1735506,1727052,1952465,1672274
UK,Egypt,1459320,1475655,1731887,1545231,1622189
UK,"Taipei, Chinese",1708014,1865817,1795972,1772966,1520658
UK,Thailand,3230802,3695538,2402158,1888358,1459443
UK,Israel,2361456,2160595,1805478,1587842,1448869
UK,Romania,1401524,1459427,1539921,1508060,1410226
UK,Nigeria,2523470,2424305,2271627,1620696,1270590
UK,Greece,1360894,1452791,1629680,1355254,1231570
UK,Morocco,959977,700861,944424,732687,1154304
UK,New Zealand,903581,941366,1065330,862890,932482
UK,"Macedonia, The Former Yugoslav Republic of",529304,659931,888977,810122,889834
UK,Pakistan,845933,742615,854622,788198,834155
UK,Iceland,318717,303008,315573,337163,756941
UK,Ghana,818601,616215,559607,476295,745712
UK,Slovakia,791580,726238,759543,675367,715855
UK,Indonesia,1003692,1083085,1022397,704981,699030
UK,Kuwait,920164,831814,894652,884871,669701
UK,Bulgaria,458493,609531,728194,530649,655834
UK,Viet Nam,463137,475754,560311,575497,644744
UK,Oman,714673,868720,907696,702980,629890
UK,Chile,1028585,1684216,781577,683691,605462
UK,Algeria,575425,828939,789673,509427,557035
UK,Philippines,527180,585363,601167,600526,537035
UK,Malta,593155,679471,671361,575080,533135
UK,Azerbaijan,806358,1448315,953143,1015386,527799
UK,Angola,636489,857460,999945,698602,498566
UK,Ukraine,921285,865127,584374,432856,495135
UK,Gibraltar,880531,808374,820301,716733,489014
UK,Bahrain,456253,423381,488080,456775,476644
UK,Ship stores and bunkers,0,0,0,98762,460340
UK,Lebanon,668001,783261,820379,586930,449452
UK,Lithuania,547325,505324,491912,412334,441016
UK,Cyprus,710763,725026,723938,566864,436310
UK,Kenya,611654,704041,672414,552487,413552
UK,Argentina,562049,537066,492005,441106,397849
UK,Colombia,480143,528739,549732,551578,351967
UK,Jordan,370914,428324,428177,406284,348798
UK,Slovenia,323310,316274,398880,308107,331764
UK,Kazakhstan,813991,804737,591658,512539,330268
UK,Latvia,378956,576993,550032,329418,313867
UK,Estonia,432183,501645,443400,335323,311933
UK,Iraq,451800,636709,619950,431202,297074
UK,Cayman Islands,33474,47945,84718,28989,288119
UK,Luxembourg,335776,367019,351830,335030,283804
UK,Bangladesh,164499,220251,215490,204611,275540
UK,Sri Lanka,237914,260692,275847,370778,274999
UK,Tunisia,252125,250757,264251,213071,245799
UK,Ethiopia,163949,154394,178008,279250,243582
UK,Croatia,229342,214809,233140,211202,224141
UK,Peru,260095,262318,280968,282134,210974
UK,"Libya, State of",298124,421056,272726,161518,204104
UK,"Iran, Islamic Republic of",159050,124642,159099,144050,189751
UK,Serbia,198984,219321,205407,201151,174857
UK,Panama,306890,289219,297528,263523,171289
UK,Congo,82860,101443,128865,225100,169029
UK,Togo,448206,142285,299019,53785,167260
UK,Trinidad and Tobago,182358,205363,199531,221909,164755
UK,Uruguay,169534,246738,182634,331256,162850
UK,"Venezuela, Bolivarian Republic of",5902796,453680,330277,318875,142783
UK,Georgia,88730,73946,95149,94290,139616
UK,"Tanzania, United Republic of",282192,267377,275657,186595,139193
UK,Dominican Republic,117527,115956,130077,200095,138197
UK,Brunei Darussalam,1281382,1492407,301162,630209,129364
UK,Senegal,1486461,500484,493764,143447,123025
UK,Côte d'Ivoire,133289,158221,132653,188438,114573
UK,Sudan (Sudan and South Sudan),219602,159071,121239,143208,93550
UK,Mauritius,110892,98691,97755,87071,89640
UK,Costa Rica,77704,83701,96682,114928,88021
UK,Jamaica,75178,69110,71330,72345,71308
UK,Belarus,195005,145214,138389,100113,68780
UK,Papua New Guinea,71563,76538,25745,23361,67438
UK,Botswana,39396,1045473,42337,32173,66046
UK,Falkland Islands (Malvinas),97611,81432,116171,199684,63018
UK,Barbados,60363,66823,55907,54741,62449
UK,Zambia,141350,137911,106552,98694,61606
UK,Uganda,100636,76805,74691,74034,59566
UK,"Moldova, Republic of",64437,70007,65169,56365,57422
UK,Cameroon,90227,102773,76613,60753,56854
UK,"Macao, China",81127,102054,88201,70549,55249
UK,British Virgin Islands,25360,93369,33601,64226,54766
UK,Ecuador,463111,388000,182661,182024,53203
UK,Yemen,128602,158977,116799,42274,49274
UK,Turkmenistan,447351,229590,208805,42096,45254
UK,Guyana,44387,41222,42845,36495,44370
UK,Uzbekistan,69911,65956,41486,30376,43566
UK,Myanmar,20389,69183,33751,26156,42275
UK,Namibia,121388,86295,78479,58489,40903
UK,Paraguay,50590,55533,56429,41149,39368
UK,Sierra Leone,107299,113336,91386,53754,38869
UK,Guatemala,49275,48845,58200,52024,38359
UK,Zimbabwe,95483,81519,67443,59499,36437
UK,Cuba,41790,37681,31498,38621,34626
UK,Bahamas,60945,24875,34024,45349,32617
UK,Gabon,83676,93256,83978,53220,31662
UK,Bermuda,156893,108687,77604,35116,29600
UK,Netherlands Antilles,413386,43451,37737,51623,29578
UK,Bosnia and Herzegovina,35835,33254,37892,36865,29448
UK,Guinea,153598,251298,60441,31974,28940
UK,Benin,101844,109766,104101,90109,28398
UK,Seychelles,32605,30671,39511,26222,28256
UK,Equatorial Guinea,93863,75756,96267,48860,28245
UK,Mali,15523,15832,24421,36928,27868
UK,Gambia,59744,46110,33904,29121,27282
UK,"Congo, Democratic Republic of the",39399,52001,53584,40070,26160
UK,Saint Lucia,22932,22323,21134,22242,25855
UK,El Salvador,23319,22262,26939,26579,25849
UK,Aruba,112996,64990,65572,30481,24132
UK,Cambodia,17130,27813,18371,25274,23588
UK,"Bolivia, Plurinational State of",35101,36350,32765,36194,23427
UK,Albania,33673,30161,33405,23449,23393
UK,Saint Helena,22604,24225,20499,32140,22381
UK,Montenegro,20758,24558,18793,15369,22035
UK,Afghanistan,164811,103659,48816,27253,21342
UK,Montserrat,667,11062,7712,641,21159
UK,Antigua and Barbuda,13767,21425,23501,39282,21037
UK,Madagascar,19520,19015,13860,16424,19496
UK,Belize,18088,13480,12920,11171,18883
UK,Maldives,13196,13672,19227,26182,18471
UK,Malawi,30542,23975,23330,17444,18192
UK,Liberia,30315,26679,25580,17919,18158
UK,Mozambique,113052,70774,68496,48555,17977
UK,Haiti,18322,15199,14012,11293,16562
UK,Armenia,24561,30421,23490,22296,16308
UK,Suriname,21045,25736,18207,19615,16276
UK,New Caledonia,29497,18692,22420,27636,15438
UK,Honduras,16160,18475,18783,18590,14925
UK,Saint Vincent and the Grenadines,13905,21973,19231,16776,14527
UK,Nepal,13824,12688,12968,15641,13783
UK,Fiji,7249,12449,16063,13362,13124
UK,Faroe Islands,19981,17178,19543,14795,12881
UK,Mauritania,69280,87427,22368,26594,12797
UK,Djibouti,44653,10555,21725,18121,12364
UK,Burkina Faso,20119,20477,13470,10367,12192
UK,Dominica,8542,8713,8134,9085,11791
UK,Andorra,14394,13816,11402,13331,11342
UK,Somalia,12495,16801,13753,11699,11054
UK,Grenada,8367,8896,10042,9915,10828
UK,"Palestine, State of",8599,5638,1668,9071,10082
UK,French Polynesia,7002,8280,9081,10467,9982
UK,Rwanda,20726,15291,11092,11695,9825
UK,Nicaragua,8847,9529,8439,13750,9723
UK,United States Minor Outlying Islands,5552,3018,5907,5790,7729
UK,Lao People's Democratic Republic,5493,7074,5865,9758,7514
UK,Mongolia,17569,32458,20960,13845,7471
UK,Saint Kitts and Nevis,11907,6653,10304,16252,7371
UK,Syrian Arab Republic,41849,26376,19179,10369,6990
UK,Niger,2812,10329,11090,10664,5288
UK,Kyrgyzstan,19588,4734,8265,8343,5095
UK,Cabo Verde,5282,20751,37854,4454,5052
UK,Swaziland,3785,3847,4056,4096,4029
UK,Turks and Caicos Islands,2881,2799,3429,3605,3677
UK,Chad,11934,17447,13636,4186,3416
UK,Greenland,2891,9275,1646,1676,3137
UK,Burundi,5915,4135,5249,3142,2744
UK,Central African Republic,478,1032,2304,4527,2690
UK,Lesotho,1733,1765,818,716,2589
UK,Anguilla,796,2509,8439,1266,2564
UK,Eritrea,8338,11157,5227,2451,2453
UK,Tajikistan,3512,3718,2756,1654,2388
UK,Bhutan,968,2106,1677,1227,1761
UK,Northern Mariana Islands,118,57,449,194,1540
UK,Comoros,889,596,502,840,1353
UK,Guinea-Bissau,574,961,65848,615,1257
UK,Solomon Islands,762,7064,2498,1500,619
UK,Marshall Islands,564,1428,11420,2536,596
UK,Tonga,1232,226,292,1738,527
UK,Vanuatu,1083,532,913,1426,512
UK,Timor-Leste,386,311,291,384,466
UK,British Indian Ocean Territories,0,247,17,0,390
UK,Palau,101,70,136,302,333
UK,Cocos (Keeling) Islands,142,56,96,13,301
UK,Samoa,2024,276,134,253,233
UK,Pitcairn,370,550,17,28,198
UK,Sao Tome and Principe,482,595,748,127,195
UK,Nauru,129,207,194,214,186
UK,Cook Islands,14,732,25,124,129
UK,French South Antarctic Territories,802,732,631,1173,109
UK,"Korea, Democratic People's Republic of",529,872,460,396,74
UK,Tuvalu,0,0,0,116,61
UK,"Micronesia, Federated States of",142,50,27,111,46
UK,Wallis and Futuna Islands,33,14,301,15,35
UK,St. Pierre and Miquelon,484,62,12,78,33
UK,Western Sahara,0,2,3,9,25
UK,Kiribati,113,208,52,125,14
UK,Niue,68,2,26,116,12
UK,Christmas Islands,0,0,1021,82,0
UK,Norfolk Island,133,46,70,13,0
UK,Africa not elsewhere specified,1108,75017,50111,4026,0
UK,Area Nes,3579451,3999434,4553447,4744246,0
UK,Mayotte,327,1628,0,0,0
Germany,World,1482202300,1410129600,1450950900,1498157800,1328549100
Germany,USA,103075151,112268668,118864340,127770823,126565882
Germany,France,141249656,131638089,131789306,133561472,113949441
Germany,UK,91140070,91023529,94641874,105122552,98712709
Germany,Netherlands,96462820,90323744,94250927,96598330,87825910
Germany,China,90496736,86101711,89317191,99196126,79429909
Germany,Austria,80172182,72648753,74627229,74084117,64512479
Germany,Italy,86442126,71375367,70699019,72082834,64360574
Germany,Poland,60483275,53748740,56396044,63334289,57846445
Germany,Switzerland,67079438,64520790,63828753,63015310,55913747
Germany,Belgium,65282147,56285417,56346158,55773215,45351173
Germany,Spain,48515477,39910447,41635953,46254546,42936361
Germany,Czech Republic,42735507,40204163,41232960,44447250,40455667
Germany,Sweden,30627790,27107962,27489612,28506433,25553265
Germany,Turkey,28183655,25951070,29002370,25663750,24796825
Germany,Russian Federation,49276386,50180471,48739010,39843149,24650469
Germany,Hungary,21875559,20829986,23245306,26338809,24202011
Germany,"Korea, Republic of",16300625,17104436,19089754,20825077,19882772
Germany,Denmark,20485778,19118304,21017974,22289445,19505996
Germany,Japan,21399525,22236635,22872792,22778112,18939651
Germany,United Arab Emirates,10754193,12718842,13241727,15224294,16304759
Germany,Romania,12225617,11772700,12797374,14289524,13554000
Germany,Slovakia,14419975,13289683,14126258,14941616,13551344
Germany,Mexico,10589700,11445932,11947841,12098978,12329278
Germany,Canada,10303314,11585226,11867698,11624206,11111730
Germany,Saudi Arabia,9617047,10627853,12338596,11901281,11095337
Germany,Brazil,15630521,15165416,15148017,13955137,11062912
Germany,India,15211502,13445408,12219924,11884510,10870848
Germany,South Africa,12172386,11468822,11626070,11127438,10786673
Germany,Finland,11765930,10324530,10843285,11642323,9958848
Germany,Australia,11596681,12077789,11441547,10395172,9378864
Germany,Norway,11170706,11172978,11116548,11439689,9214238
Germany,Portugal,9778011,7908358,8450360,9419616,8353216
Germany,"Taipei, Chinese",8744451,7471007,7854970,9171159,8225200
Germany,Singapore,9034633,8455295,8481679,8423367,7407314
Germany,"Hong Kong, China",8247254,7674823,7529269,7870561,6584462
Germany,Ireland,6040403,5985022,7250868,6916897,6494762
Germany,Luxembourg,8654090,7145088,7244614,7067224,5861221
Germany,Malaysia,6071912,6395777,6392972,6403518,5339653
Germany,Greece,7065353,6087912,6278099,6446630,5175468
Germany,Slovenia,5500044,4947217,5439566,5445921,5049876
Germany,Israel,4887501,4780740,4764506,5437496,4568154
Germany,Thailand,4555690,5453899,5266481,5221191,4491663
Germany,Bulgaria,3297709,3453642,3513844,4359457,3827926
Germany,Egypt,3339240,3435961,3200855,3850643,3724523
Germany,Ukraine,7627740,7768652,7543637,5009168,3613552
Germany,Lithuania,3066026,3049577,3282038,3405803,3066317
Germany,Argentina,3753347,3511509,3769704,3266837,2968405
Germany,Indonesia,2968933,4140122,4163947,3936849,2958790
Germany,Croatia,3169331,2871168,2732696,2986067,2921368
Germany,Ship stores and bunkers,1073658,4820623,4847029,4671557,2882063
Germany,Algeria,2173321,2451272,2748292,3531480,2725450
Germany,Chile,3174934,3320942,3717602,2822812,2661221
Germany,Viet Nam,2631469,2541105,2463279,2632820,2562234
Germany,Qatar,1418791,1517039,1683992,2811554,2401314
Germany,Philippines,1743960,1995591,2317237,2707848,2390359
Germany,Serbia,2291824,2198271,2302698,2481594,2373329
Germany,"Iran, Islamic Republic of",4391284,3301792,2495220,3224256,2330671
Germany,Morocco,2158359,2099071,2146745,2282753,2135234
Germany,Colombia,1805745,2129177,1943565,2403407,2025109
Germany,Latvia,1815997,1837530,1881564,2010304,1796023
Germany,Estonia,2128687,2026187,2229454,2271810,1755654
Germany,Tunisia,2179996,1816914,1769081,1764659,1527965
Germany,Kuwait,1480652,1576212,1776937,1913250,1478459
Germany,Belarus,3049208,3019048,3105031,2441904,1441869
Germany,Kazakhstan,2510701,2669848,2949831,2356345,1417232
Germany,New Zealand,1227313,1297255,1445158,1437143,1202361
Germany,Nigeria,1804281,1645968,1791185,1852244,1164420
Germany,Pakistan,1072011,1123917,1111709,1076208,1134445
Germany,Iraq,1618649,1553411,1861180,1539723,1119099
Germany,Oman,1166343,1071417,1022609,928557,1045156
Germany,Peru,1095811,1229315,1283499,1221444,937083
Germany,"Macedonia, The Former Yugoslav Republic of",741845,663835,731804,907481,934655
Germany,Lebanon,1021528,1129911,1045171,1044859,926275
Germany,Bosnia and Herzegovina,1042891,980764,1006713,1055068,916486
Germany,Jordan,960728,1124696,939017,922136,913921
Germany,Azerbaijan,1182375,1040446,1128687,1066141,770366
Germany,Malta,449110,415363,476291,767494,739397
Germany,Bangladesh,615062,543159,607379,768695,709807
Germany,Marshall Islands,98017,192520,203326,756477,647951
Germany,Cyprus,1032927,859537,1148366,759194,615040
Germany,British Virgin Islands,265493,252205,59613,152666,600251
Germany,"Venezuela, Bolivarian Republic of",987345,1190592,990680,924984,578907
Germany,Uruguay,397422,524269,477735,559641,505933
Germany,Uzbekistan,683290,517256,572300,671068,478864
Germany,Ecuador,589729,622076,555252,553232,468141
Germany,Bahrain,674329,519668,477177,502308,464160
Germany,Bermuda,132981,5846,8962,6099,464012
Germany,Panama,438775,406839,568971,565965,462852
Germany,Iceland,420374,435308,421642,415891,443039
Germany,Kenya,351592,396369,404802,426560,417467
Germany,Georgia,481820,531453,454967,512971,412008
Germany,"Libya, State of",458604,909836,1305081,732239,399136
Germany,Angola,350777,516912,380844,501484,373420
Germany,Turkmenistan,434280,419263,519865,368790,339097
Germany,Ethiopia,172036,218677,242792,319880,338760
Germany,Liberia,441001,94411,115632,441987,337738
Germany,"Moldova, Republic of",506372,502800,512915,468384,332034
Germany,Sri Lanka,316020,312048,340402,295520,321145
Germany,"Macao, China",72035,76954,221730,113426,304852
Germany,Ghana,386846,396299,418130,354152,295962
Germany,Cuba,216144,234025,246036,254930,285791
Germany,Guatemala,284016,261077,275310,278812,268393
Germany,Costa Rica,262944,233788,223116,238015,239897
Germany,Dominican Republic,235659,231425,256151,223521,234837
Germany,Albania,225420,232798,189978,213076,225688
Germany,El Salvador,104170,382016,240481,322592,207030
Germany,Area Nes,0,0,4686,24252,203892
Germany,Sudan (Sudan and South Sudan),436501,213046,314145,216832,202770
Germany,"Bolivia, Plurinational State of",119163,133289,162103,173755,176439
Germany,Cameroon,175464,168772,206398,184388,171923
Germany,Côte d'Ivoire,138467,189692,198908,194911,171899
Germany,Armenia,175662,187163,179284,178868,171042
Germany,Nepal,23204,27544,42792,39000,168618
Germany,Brunei Darussalam,481671,66049,73584,177536,166758
Germany,"Congo, Democratic Republic of the",160544,170570,214618,172388,164555
Germany,Myanmar,59601,136413,167847,175444,164084
Germany,Paraguay,164529,162545,164895,168576,163049
Germany,Yemen,130587,168182,328851,276150,160786
Germany,Honduras,166499,178126,156145,168397,157080
Germany,Congo,82334,87555,105511,127342,154174
Germany,Mozambique,80624,82783,123460,125233,137594
Germany,Cambodia,44405,58142,75705,97175,134593
Germany,"Tanzania, United Republic of",185754,225191,192452,228712,133873
Germany,Mali,113457,107416,144774,136868,133558
Germany,Trinidad and Tobago,133536,165618,148315,157712,133127
Germany,Senegal,111769,101437,105803,134333,114591
Germany,Mongolia,205070,195976,233444,158417,104827
Germany,Mauritius,140529,125013,124282,121706,100512
Germany,Namibia,222893,172569,221978,160018,99851
Germany,Guinea,34195,71662,43161,38943,98366
Germany,Mauritania,169957,222008,143635,138429,94775
Germany,Uganda,141863,123240,96822,128384,90875
Germany,Afghanistan,395823,374136,217766,153319,89588
Germany,Montenegro,89264,94127,101922,105495,86991
Germany,Botswana,31363,59655,43948,75942,83293
Germany,Benin,116252,101280,123699,104356,75419
Germany,Syrian Arab Republic,770305,278123,98055,91304,69796
Germany,"Palestine, State of",51377,64864,71185,70487,69537
Germany,Nicaragua,35604,39776,52161,82068,67367
Germany,Zambia,63598,114669,204606,105339,65817
Germany,New Caledonia,70525,63847,60590,68329,62216
Germany,Togo,78993,60729,89763,77604,61055
Germany,Gabon,112380,107370,121825,107320,60975
Germany,Bhutan,9185,3795,2836,4737,60282
Germany,Jamaica,46122,52026,57269,51183,59606
Germany,Kyrgyzstan,96329,130579,120403,113624,59564
Germany,Burkina Faso,55667,79175,62807,73462,52015
Germany,Zimbabwe,69130,74430,51046,42476,50884
Germany,Tajikistan,35443,37151,47590,59635,49571
Germany,Faroe Islands,19155,96087,41353,53012,45829
Germany,Lao People's Democratic Republic,38394,154164,52842,115046,45758
Germany,Bahamas,77015,193586,112260,35184,45303
Germany,Madagascar,43918,44239,51995,57944,40867
Germany,Rwanda,31903,43406,42970,38663,40468
Germany,Netherlands Antilles,39458,37372,30237,25170,37885
Germany,Andorra,48317,39304,42817,52893,37601
Germany,Maldives,24822,29383,26382,36659,36706
Germany,Papua New Guinea,45833,88800,35666,38828,35960
Germany,Niger,31124,33851,41700,42335,35538
Germany,Haiti,22138,12573,25579,25737,34496
Germany,Suriname,29863,30252,46785,39045,31234
Germany,Sierra Leone,46113,51079,30542,32282,31091
Germany,Equatorial Guinea,50630,44890,33981,26154,30015
Germany,French Polynesia,28027,28978,32766,29152,29537
Germany,Africa not elsewhere specified,10159,9159,8557,9437,22687
Germany,Gibraltar,139145,117823,198562,61743,22290
Germany,Malawi,22796,27878,36264,16665,22271
Germany,Barbados,37175,15237,17972,19528,20730
Germany,Djibouti,10032,13488,23021,10911,20700
Germany,Chad,16755,25040,21520,47085,19802
Germany,Antigua and Barbuda,5474,9353,28445,13155,17395
Germany,Somalia,2754,2436,5192,7163,16709
Germany,Eritrea,33679,34716,40134,25788,16257
Germany,Seychelles,14391,16110,34567,16141,15973
Germany,Belize,27453,173363,26104,34682,15459
Germany,Cayman Islands,154827,54564,329023,228356,14213
Germany,Greenland,3693,6212,6495,7701,12969
Germany,Gambia,11956,12797,11987,11501,11688
Germany,Central African Republic,3485,4339,1845,8677,10813
Germany,Aruba,12480,9742,14314,9818,10790
Germany,Guyana,13175,14367,14483,6245,10446
Germany,Swaziland,6296,5156,9554,13579,9951
Germany,Fiji,49900,7193,11623,11497,8506
Germany,"Korea, Democratic People's Republic of",16594,29933,18398,13251,8172
Germany,Burundi,12671,20552,22287,19500,8124
Germany,Cabo Verde,19345,9430,13890,10851,6869
Germany,Saint Kitts and Nevis,6681,24216,93358,72652,6475
Germany,Lesotho,1849,2022,8604,3027,5903
Germany,United States Minor Outlying Islands,8356,66339,8420,5642,5813
Germany,French South Antarctic Territories,43432,7411,5616,3883,4347
Germany,Anguilla,6128,818,7669,43,4067
Germany,Saint Lucia,3337,5947,4201,7981,3542
Germany,Guinea-Bissau,6680,1790,2281,3379,2826
Germany,Saint Vincent and the Grenadines,1587,1936,1958,3405,2480
Germany,Grenada,2563,3567,3280,1453,1989
Germany,Comoros,1841,4456,3879,1454,1453
Germany,Dominica,1057,1578,888,1239,1211
Germany,Turks and Caicos Islands,696,1109,1884,1586,1142
Germany,Samoa,427,292,883,1487,973
Germany,Vanuatu,278,381,887,453,839
Germany,Timor-Leste,557,751,189,148,824
Germany,Tonga,445,454,2464,32,786
Germany,Solomon Islands,139,425,1061,558,674
Germany,Sao Tome and Principe,557,742,1836,964,578
Germany,Falkland Islands (Malvinas),32,348,181,4010,397
Germany,Northern Mariana Islands,5724,1132,1263,137,302
Germany,St. Pierre and Miquelon,139,510,641,634,297
Germany,Western Sahara,0,0,99,267,286
Germany,Palau,418,47,52,44,282
Germany,Wallis and Futuna Islands,163,268,154,147,166
Germany,Cook Islands,481,593,104,2539,114
Germany,Norfolk Island,147,102,139,147,113
Germany,Kiribati,139,43,140,39,102
Germany,Tuvalu,0,0,0,2,92
Germany,"Micronesia, Federated States of",50,1,156,225,86
Germany,Tokelau,264,129,722,28,68
Germany,Pitcairn,39,11,97,109,59
Germany,Montserrat,576,213,98,314,44
Germany,Nauru,58,2,3,0,43
Germany,Saint Helena,66,46,0,8,19
Germany,Christmas Islands,0,0,0,0,7
Germany,British Indian Ocean Territories,0,1644,8,5,2
Germany,Special categories,1285472,346974,128869,290,0
Germany,Mayotte,5217,5163,3878,0,0
Japan,World,798620023,715097244,690217466,624873508,645158530
Japan,USA,142084775,134539553,130773312,126387232,130473548
Japan,China,144184828,129401394,126361386,109277767,113910471
Japan,"Korea, Republic of",61527648,56513453,51520343,44018768,46255225
Japan,"Taipei, Chinese",46017248,41612716,39959020,36960994,39364375
Japan,"Hong Kong, China",41043558,37418392,38143173,35006278,33645291
Japan,Thailand,43708015,35945979,31349004,27984356,27423944
Japan,Singapore,23293917,20980350,21012895,19855331,19810309
Japan,Germany,20795608,18959230,19054719,16236971,17661617
Japan,Australia,18425372,16969964,14176009,12849844,14176427
Japan,UK,13337751,11105603,11183006,10740097,13737056
Japan,Viet Nam,10740220,10550081,11830166,12531383,13018447
Japan,Malaysia,17698501,15240101,14133080,12003889,12139392
Japan,Netherlands,16156428,13908384,13049119,11598497,11813721
Japan,Indonesia,20278614,17031562,14735348,11538966,11339177
Japan,Mexico,10572160,9691273,10634809,10475126,10685830
Japan,Philippines,11848538,9680641,9877925,9487706,10362501
Japan,India,10590546,8593032,8130224,8109855,8193631
Japan,Canada,10259056,8689711,7986542,7735540,8181848
Japan,United Arab Emirates,8964398,8507588,9533461,8694615,7990327
Japan,France,6700046,6304548,5945717,5260895,6272594
Japan,Belgium,6270002,5294131,5541324,5120956,5713751
Japan,Panama,14198468,9665174,7009390,4713322,5642715
Japan,Russian Federation,12591435,10957793,9177180,5104332,5123653
Japan,Saudi Arabia,8228300,6847345,7600955,6826057,5014016
Japan,Italy,3660248,3272318,3514047,3594211,4688571
Japan,Switzerland,4376144,3312442,3029099,2700171,3148022
Japan,Spain,2440798,2094074,2303088,2384262,2863793
Japan,Turkey,2413735,2315154,2123946,2161724,2853239
Japan,Brazil,5925732,5659958,4724517,3930772,2793993
Japan,Oman,3581810,3126864,3529130,3220258,2539701
Japan,South Africa,4062061,3462935,3239560,2689898,2233637
Japan,New Zealand,1959535,2190629,2369187,2110736,2199713
Japan,Israel,1429837,1105828,1105136,1169127,2002287
Japan,Pakistan,1691291,1423767,1612716,1675652,1935126
Japan,Kuwait,1881244,1881423,1901722,1865263,1697497
Japan,Poland,1708231,1608920,1711787,1653559,1696589
Japan,Bangladesh,985122,873587,1164494,1374424,1578643
Japan,Chile,1991963,1699240,1709372,1671692,1566073
Japan,Qatar,1503704,1309563,1551146,1545812,1533923
Japan,Hungary,1371689,1319215,1259337,1446682,1459190
Japan,Marshall Islands,1696982,827500,1184232,1610725,1449397
Japan,Sweden,1741259,1262126,1347295,1337431,1443508
Japan,Czech Republic,1615270,1430563,1127416,1061935,1236233
Japan,Egypt,1753061,1208816,1424215,1284357,1143473
Japan,Liberia,2298345,1751088,1046275,863914,1090840
Japan,Myanmar,1257170,1057427,1188812,1065433,1033849
Japan,Austria,952971,925361,925226,1033791,1020622
Japan,Bahamas,240588,585470,1265408,1009249,994568
Japan,Norway,1230410,1166343,1259260,956581,988046
Japan,Colombia,1503180,1227977,1371229,965876,949085
Japan,Ireland,882362,1044923,1664179,1106007,757785
Japan,Kenya,658614,914188,953460,926263,747034
Japan,Bahrain,808107,762003,855788,886969,743574
Japan,Peru,1037979,989030,747680,790782,719899
Japan,Sri Lanka,452733,582526,907917,1169030,697651
Japan,Jordan,281668,298517,490166,578350,634027
Japan,Argentina,1135087,1111731,1056607,799349,631873
Japan,"Iran, Islamic Republic of",652637,168024,251014,287376,584215
Japan,Lebanon,227096,274463,364292,470297,564309
Japan,Malta,528075,173618,59490,362762,482639
Japan,Denmark,403587,353714,434932,425199,417859
Japan,Turkmenistan,121509,55423,59777,26824,406069
Japan,Romania,366369,310080,334004,326321,388223
Japan,Portugal,345235,338489,370065,381488,366282
Japan,Finland,669526,527117,452298,357742,365119
Japan,Luxembourg,255353,145147,201451,448006,358519
Japan,Iraq,358551,735572,578771,503804,342994
Japan,Morocco,404435,184454,235575,259279,337508
Japan,Nigeria,625231,647702,722157,358830,326141
Japan,Costa Rica,953776,795926,488487,308524,322587
Japan,Ukraine,570903,573120,338419,205879,313088
Japan,Cambodia,234377,209861,255737,302214,306978
Japan,"Macao, China",262272,297414,314740,330437,300590
Japan,Mongolia,344834,300312,326440,251878,278166
Japan,Guatemala,246256,239038,220607,245240,277350
Japan,Dominican Republic,197429,169263,213742,238128,272172
Japan,Bermuda,3810,3398,3201,56729,267386
Japan,Slovakia,467414,361758,328529,264944,256572
Japan,Ecuador,655555,527609,537211,424392,250968
Japan,Cayman Islands,145067,41953,98344,107863,250257
Japan,"Tanzania, United Republic of",301401,286123,302373,274818,220889
Japan,United States Minor Outlying Islands,143678,109594,237895,246440,220237
Japan,Algeria,621470,592726,385130,247913,216335
Japan,Greece,145004,153700,163990,213841,213438
Japan,Jamaica,174506,143138,135525,164822,211978
Japan,Kazakhstan,543990,697484,662406,240411,193350
Japan,Cyprus,213097,302120,261551,266957,184670
Japan,Georgia,329269,368608,380412,135093,177069
Japan,"Bolivia, Plurinational State of",231966,226713,274046,220526,170856
Japan,Uganda,154939,165508,187547,163437,163087
Japan,Uzbekistan,97603,122924,168034,251285,161612
Japan,Papua New Guinea,469713,309639,179654,171567,160571
Japan,Trinidad and Tobago,190816,227702,206176,226029,156079
Japan,El Salvador,108952,121209,105563,98768,131489
Japan,Ghana,199473,123616,117318,105470,123813
Japan,Slovenia,78968,92162,90031,98814,119995
Japan,Mauritius,107188,110397,110737,102732,119109
Japan,Estonia,203934,289927,114078,95851,119082
Japan,Lao People's Democratic Republic,137728,121301,138582,104545,117117
Japan,Yemen,298560,364506,437705,113586,117042
Japan,Fiji,36411,45607,61614,61935,115298
Japan,"Venezuela, Bolivarian Republic of",867442,676907,324626,212491,104051
Japan,Ethiopia,130749,108592,110426,126300,103792
Japan,Azerbaijan,190500,95631,116420,73152,97957
Japan,Tunisia,112104,88269,92652,81146,87817
Japan,Nicaragua,114931,75218,89315,95210,86816
Japan,Bulgaria,56892,71123,79268,66009,83764
Japan,Brunei Darussalam,187646,152223,106773,120290,83146
Japan,Afghanistan,99740,62578,26872,25106,80250
Japan,Honduras,111444,68770,66606,72388,78216
Japan,Paraguay,69731,62664,66589,69794,77648
Japan,Iceland,34792,32151,39107,52782,67596
Japan,Sudan (Sudan and South Sudan),61438,62498,61170,73520,59005
Japan,Uruguay,103327,115819,84616,77593,56287
Japan,Senegal,47526,52652,36377,48407,54741
Japan,Lithuania,47319,64032,68225,52507,54356
Japan,Mozambique,136307,267572,190334,138690,51097
Japan,Latvia,61491,51788,49480,52772,50884
Japan,Côte d'Ivoire,48102,53505,53481,54535,50705
Japan,Zambia,146378,128471,109310,73284,48036
Japan,Nepal,46186,27285,34160,43833,45668
Japan,Cuba,22676,31340,39757,35882,45045
Japan,Togo,50292,45357,32242,33612,43027
Japan,Guyana,54512,44232,44753,45354,42087
Japan,"Congo, Democratic Republic of the",66027,49122,60748,59481,41470
Japan,Croatia,31575,31879,34854,34122,39323
Japan,Northern Mariana Islands,14572,12636,37561,47377,38604
Japan,Haiti,54388,43214,46572,41473,37885
Japan,Barbados,27082,27235,24353,25891,36835
Japan,Vanuatu,75603,145965,38530,59472,34081
Japan,Djibouti,43659,11838,35766,51355,34064
Japan,Suriname,82057,81718,70170,79011,33799
Japan,New Caledonia,35991,26758,80978,40135,32610
Japan,Angola,257923,287432,304676,82692,32092
Japan,Burkina Faso,18103,5254,3998,13639,30163
Japan,Palau,10341,25274,18279,15814,28882
Japan,Namibia,20329,34334,37476,25847,28019
Japan,Gabon,72357,44937,46655,36137,27259
Japan,Cameroon,28406,28050,33658,26038,27152
Japan,Netherlands Antilles,30421,21245,20254,23049,24980
Japan,Botswana,38875,28242,31394,32284,24746
Japan,Belarus,38652,43147,81590,15427,23731
Japan,Syrian Arab Republic,113205,7465,10192,9222,22743
Japan,Solomon Islands,20576,17811,13779,13753,21321
Japan,"Libya, State of",115825,342281,180791,60884,20860
Japan,Armenia,21032,10828,11030,9019,19379
Japan,French Polynesia,16437,17096,14154,13380,19083
Japan,Malawi,40331,44796,32336,30345,18777
Japan,Seychelles,4550,4462,6024,10571,18465
Japan,Kiribati,42353,32610,24750,30820,18340
Japan,Antigua and Barbuda,5952,9198,10380,12914,17464
Japan,Maldives,10242,12378,13511,17732,17198
Japan,Zimbabwe,28420,42542,37727,28045,16817
Japan,Serbia,33423,13501,26555,16153,15988
Japan,Tuvalu,16090,32854,13943,18512,15745
Japan,Samoa,15227,15340,13163,14686,14972
Japan,Sierra Leone,21173,10947,12862,11022,14190
Japan,Congo,20689,19802,16224,10673,13156
Japan,Saint Lucia,8299,6116,6576,9976,12546
Japan,Madagascar,10271,13085,16853,14794,12523
Japan,"Micronesia, Federated States of",22475,10234,8611,21152,12370
Japan,Mauritania,40419,45768,26031,10415,11552
Japan,Swaziland,5917,5830,7439,9739,11011
Japan,Belize,7465,5122,3259,5015,10898
Japan,Bhutan,7518,6309,17428,15437,10774
Japan,Benin,15228,10906,15847,9193,10645
Japan,Saint Kitts and Nevis,3641,4592,7913,10678,10323
Japan,"Macedonia, The Former Yugoslav Republic of",5187,4276,8891,8648,10168
Japan,British Virgin Islands,2485,3154,5741,7563,9860
Japan,Grenada,2781,2888,4387,8060,9757
Japan,Kyrgyzstan,72121,100992,126352,22773,8498
Japan,Chad,2732,3008,2374,8791,8419
Japan,Mali,6643,7888,6533,5835,8016
Japan,Niger,9541,5304,3085,19628,7479
Japan,Guinea,34096,28199,30793,11303,7462
Japan,Turks and Caicos Islands,1422,2569,4001,5130,6645
Japan,Saint Vincent and the Grenadines,2215,2462,2863,4810,6544
Japan,Rwanda,20382,20387,14905,11132,6270
Japan,Lesotho,6207,10940,7673,5347,5780
Japan,Dominica,5462,3818,3377,4786,5598
Japan,Cook Islands,1519,1522,1452,2918,5561
Japan,Albania,1569,1771,4753,1266,5518
Japan,Tonga,4580,4711,11151,5176,5235
Japan,Cabo Verde,9021,2836,2490,4132,5148
Japan,Timor-Leste,9213,4842,9371,4926,5148
Japan,Burundi,8801,4717,6533,5051,5141
Japan,Montenegro,4944,4173,8757,5194,4916
Japan,"Moldova, Republic of",2462,8919,24742,13379,4162
Japan,Bosnia and Herzegovina,1736,6363,2359,7614,4133
Japan,Tajikistan,7467,1343,14160,5329,3648
Japan,Somalia,153,957,3273,5397,3603
Japan,Anguilla,963,1015,1775,2920,3053
Japan,Central African Republic,1625,804,839,5936,2843
Japan,"Palestine, State of",6535,970,1743,1542,2830
Japan,Nauru,498,1187,1371,135,2061
Japan,Guinea-Bissau,179,157,2603,202,1813
Japan,Gambia,12787,1025,3271,968,1607
Japan,Equatorial Guinea,5584,9393,9099,9221,1313
Japan,Comoros,1639,2521,3247,2180,1273
Japan,Sao Tome and Principe,2145,1304,1344,1321,1246
Japan,Eritrea,1244,694,603,851,1168
Japan,Montserrat,293,406,538,538,797
Japan,Andorra,547,365,221,255,248
Japan,Falkland Islands (Malvinas),26,10,78,79,89
Japan,Western Sahara,0,82,53,349,84
Japan,Greenland,153,3,7,13,78
Japan,Saint Helena,8,0,22,20,52
Japan,British Indian Ocean Territories,0,0,0,0,5
Japan,French South Antarctic Territories,0,0,7,6,0
Japan,Gibraltar,69236,70429,75393,78104,0
Japan,Oceania Nes,649,511,553,579,0
Japan,Niue,69,958,5584,7212,0
Japan,Africa not elsewhere specified,5664,1192,1055,1101,0
Japan,Pitcairn,0,40,0,0,0
Japan,America not elsewhere specified,20471,19636,28993,19694,0
Japan,Tokelau,3,3,397,2,0
Japan,Area Nes,0,0,0,0,0
China,World,1898388400,2048782200,2209007300,2342343000,2281855922
China,USA,325010988,352438221,369063859,397104906,410804880
China,"Hong Kong, China",267983737,323445330,384497867,363087890,334290810
China,Japan,148268708,151626581,150132589,149410452,135896918
China,"Korea, Republic of",82920308,87673764,91164951,100334575,101474642
China,Germany,76399999,69212732,67342500,72703322,69216821
China,Viet Nam,29091568,34212587,48586298,63731485,66381154
China,UK,44122055,46296693,50942128,57140811,59667967
China,Netherlands,59499691,58898785,60314752,64928500,59630243
China,India,50536416,47677452,48432411,54220379,58262004
China,Singapore,35570137,40750209,45831865,48911898,53139141
China,"Taipei, Chinese",35109073,36777357,40634145,46277267,45055573
China,Malaysia,27886048,36525700,45930593,46355435,44192327
China,Australia,33910013,37734920,37554163,39147667,40378582
China,Thailand,25694604,31196768,32717904,34293357,38310626
China,United Arab Emirates,26812848,29568343,33411295,39034356,37069274
China,Russian Federation,38903018,44056551,49591172,53675377,34809906
China,Indonesia,29220944,34285244,36930490,39060020,34375284
China,Mexico,23975906,27517963,28966300,32254872,33809860
China,Canada,25266590,28125194,29216715,30004306,29426458
China,Italy,33694562,25657525,25754655,28760108,27852875
China,Brazil,31836677,33413633,35895471,34877621,27428609
China,France,30245913,27195963,26948466,28978553,27063408
China,Philippines,14255388,16732210,19868125,23474238,26692700
China,Spain,19723609,18240174,18931672,21501415,21899151
China,Saudi Arabia,14849707,18452901,18739814,20575714,21683665
China,Turkey,15613705,15585293,17746991,19305856,18630120
China,"Iran, Islamic Republic of",14761999,11598799,14036645,24340266,17831207
China,Pakistan,8439729,9276492,11019596,13246448,16481153
China,Belgium,18973831,16376700,15560178,17216750,16222593
China,South Africa,13362300,15323312,16830776,15699882,15878945
China,Poland,10939549,12386657,12574875,14256905,14346519
China,Bangladesh,7810658,7970093,9705087,11783095,13904754
China,Nigeria,9205574,9296313,12042613,15393564,13715724
China,Chile,10816758,12600992,13105469,13018753,13296051
China,Egypt,7283233,8223921,8362675,10460509,11962663
China,Myanmar,4821497,5673756,7338689,9367605,9429575
China,Argentina,8502556,7869366,8750430,7679790,8890252
China,Israel,6740798,6988137,7645304,7739118,8624495
China,Panama,14555810,15305692,10992734,9306962,8529293
China,Kazakhstan,9566530,11001238,12545124,12712077,8427397
China,Czech Republic,7669407,6323551,6837795,7993049,8227215
China,Iraq,3824651,4911785,6894088,7743472,7925456
China,Algeria,4471882,5416657,6023897,7395238,7600452
China,Colombia,5838843,6228774,6826037,8043192,7588037
China,Sweden,6566883,6416053,6799061,7167638,7109201
China,Peru,4653277,5332544,6188838,6100803,6354911
China,Denmark,6446596,6540747,5711397,6545902,6155176
China,Kenya,2368775,2788762,3217481,4930569,5918049
China,"Venezuela, Bolivarian Republic of",6521892,9304091,6064501,5657421,5314949
China,Ghana,3109948,4790753,3946028,4134193,5312801
China,Hungary,6806022,5737960,5692280,5764317,5198115
China,New Zealand,3736693,3864558,4131684,4737921,4922088
China,"Macao, China",2355273,2708244,3170786,3592857,4615021
China,Sri Lanka,2988724,3001305,3436549,3792846,4308107
China,"Tanzania, United Republic of",1653632,2089722,3140702,3843566,4286317
China,Kyrgyzstan,4878289,5073516,5075346,5242698,4284720
China,Kuwait,2128415,2089319,2675509,3428724,3775940
China,Cambodia,2314810,2708103,3409507,3275454,3770011
China,Angola,2784153,4039171,3964059,5975307,3723163
China,Greece,3949368,3593168,3218976,4185659,3664447
China,Finland,6640366,7440753,5831524,5098956,3552095
China,Ukraine,7147075,7324649,7849225,5106240,3516420
China,Ethiopia,885361,1529870,1868466,2922309,3445410
China,Jordan,2512724,2958958,3434555,3364759,3431339
China,Marshall Islands,2190067,1823395,1422971,1237975,3374161
China,Switzerland,3713552,3507411,3529136,3109893,3196153
China,Romania,3453775,2797186,2822537,3223178,3186742
China,Benin,2874685,2413662,2992477,3485979,2993190
China,"Korea, Democratic People's Republic of",3164704,3532383,3630075,3520408,2947443
China,Morocco,3042649,3131193,3271645,2963006,2901954
China,Portugal,2801434,2501158,2506864,3136966,2897547
China,Ecuador,2224132,2613996,2966846,3245113,2893705
China,Norway,3785872,3019832,2737115,2731442,2858078
China,Ireland,2166075,2098343,2477167,2801680,2825002
China,Slovakia,2512600,2423050,3084437,2828642,2795050
China,Sudan (Sudan and South Sudan),1994640,2212926,2473519,1994688,2554878
China,Austria,2226819,2040342,2037527,2397056,2497854
China,Malta,2329586,2245419,2514566,3192859,2376905
China,Luxembourg,1595051,1956195,1807834,1948750,2325442
China,Lebanon,1458393,1691955,2490831,2605126,2291021
China,Qatar,1198757,1205100,1710908,2254009,2279509
China,Uzbekistan,1359242,1783339,2613355,2678262,2236357
China,Senegal,680361,793973,997396,1650137,2194515
China,Togo,1831410,3383142,2443222,2491912,2181978
China,Oman,998177,1811576,1900844,2065380,2117933
China,Slovenia,1675371,1566641,1832812,1991941,2092396
China,Guatemala,1253975,1283708,1475308,1866932,2056521
China,Djibouti,508853,902580,1018884,1112236,1985868
China,Uruguay,2001564,2413269,2323634,2458446,1959159
China,Mozambique,700247,940887,1199293,1968740,1941302
China,"Libya, State of",720379,2384239,2834679,2157639,1895780
China,Cuba,1043647,1173554,1374786,1062465,1884178
China,Cameroon,874109,1064318,1514679,1877425,1838133
China,Tajikistan,1996778,1747870,1869364,2468232,1796604
China,Bahamas,550137,592077,336710,742873,1586188
China,Mongolia,2731758,2653509,2449592,2216400,1571983
China,Dominican Republic,967391,1029937,1045515,1273626,1559823
China,Côte d'Ivoire,540633,803668,955795,1220079,1557673
China,Yemen,1104281,1955099,2138817,2201314,1436297
China,Brunei Darussalam,744394,1252438,1703776,1746814,1411657
China,"Congo, Democratic Republic of the",826685,837486,948752,1362040,1410389
China,Liberia,4966687,3446408,2335750,1711267,1357650
China,Costa Rica,884537,901756,926977,1109538,1331293
China,Guinea,630170,753851,907476,1101459,1280205
China,Paraguay,1248051,1335795,1356500,1396210,1273283
China,Tunisia,1112727,1391786,1263159,1235774,1240208
China,Lao People's Democratic Republic,476255,937094,1722577,1838932,1212287
China,Lithuania,1335101,1630885,1686178,1658221,1210964
China,Bulgaria,1005616,1054597,1116984,1178539,1044137
China,Congo,489431,520991,779293,984526,1039199
China,Syrian Arab Republic,2420241,1190229,690152,984371,1024351
China,Latvia,1192947,1312709,1374267,1316817,1023450
China,Bahrain,880012,1202782,1238929,1231781,1014519
China,Papua New Guinea,453024,640097,553070,636457,989775
China,Croatia,1540930,1299886,1389943,1027302,985971
China,Estonia,1130855,1233666,1109820,1146094,954352
China,Madagascar,503376,542414,642961,752678,869659
China,Honduras,421889,1056653,799037,686539,858663
China,Mauritius,496927,620171,648701,745215,842064
China,Nepal,1181226,1968162,2210887,2283571,830006
China,Turkmenistan,784360,1699117,1137644,954282,817095
China,Mauritania,386275,455402,598451,756947,803838
China,Georgia,761069,740330,862092,908530,768511
China,Belarus,705135,919817,872160,1110594,747246
China,El Salvador,449992,490528,521956,601893,741316
China,Nicaragua,422029,466856,522915,568134,668771
China,Gabon,269915,427374,432706,430320,667086
China,Jamaica,370913,786097,627059,523044,630291
China,Cyprus,1123405,1093322,971730,1037576,589286
China,"Bolivia, Plurinational State of",384540,353077,531469,705941,570293
China,Uganda,359382,495143,452213,486646,555168
China,Zambia,617335,697306,729692,725666,553244
China,Zimbabwe,410278,430484,413826,403801,546347
China,Namibia,282265,438911,481941,545725,497688
China,Trinidad and Tobago,286550,312169,321390,427977,481805
China,Azerbaijan,892619,1069827,868568,645253,439872
China,Haiti,303639,283708,323494,391379,436884
China,Albania,281483,343905,324596,378270,430471
China,British Virgin Islands,155440,153822,11068,114974,427602
China,Serbia,396353,412876,431912,424560,416209
China,Bermuda,355016,207757,190035,188728,367637
China,Afghanistan,230010,464034,328259,393560,364319
China,Gambia,290968,257513,308521,350699,332790
China,Fiji,171186,214023,244498,287254,330566
China,Somalia,91209,101107,133761,206079,300015
China,Sierra Leone,224834,249188,152567,163052,278649
China,Mali,297735,290232,274639,297069,272108
China,Equatorial Guinea,266317,361434,357517,352515,263693
China,Malawi,112097,249067,213793,157117,248233
China,Botswana,616162,182121,148252,176149,226461
China,Suriname,136184,189140,174032,176865,202207
China,Gibraltar,28752,114585,41581,8280,197708
China,Niger,142167,158352,183941,243696,175158
China,Maldives,97122,76488,97414,103990,172590
China,Guyana,132625,199506,160138,167286,160996
China,Eritrea,148156,53532,137957,88144,135395
China,Montenegro,89982,145761,86383,157066,134142
China,Burkina Faso,55619,72506,103387,117972,125406
China,Chad,94803,172778,371893,317710,125250
China,Iceland,76581,95388,146642,143759,125013
China,Rwanda,66652,90106,134109,115212,124274
China,Netherlands Antilles,119644,142738,80894,85913,118230
China,Armenia,135723,113204,119850,122809,113611
China,New Caledonia,135163,96653,90341,90754,106188
China,Timor-Leste,70433,62474,47386,60342,105954
China,French Polynesia,41839,47823,49490,52656,103576
China,"Moldova, Republic of",97491,123942,112629,115289,99966
China,"Macedonia, The Former Yugoslav Republic of",91811,88750,63476,76664,86492
China,Lesotho,73109,94371,89829,88760,84015
China,Solomon Islands,30676,36681,36802,49442,82257
China,Belize,49491,52512,122365,95861,80078
China,Vanuatu,133860,133612,380483,180236,72398
China,"Palestine, State of",47815,40725,90677,75507,70770
China,Area Nes,1323,0,0,0,65423
China,Barbados,143863,96112,70210,71455,65337
China,Samoa,37816,71746,54473,55867,64573
China,Cayman Islands,29545,113579,11189,8461,62548
China,Bosnia and Herzegovina,41435,46712,91328,283984,61502
China,Seychelles,35010,33167,38670,45582,59174
China,Antigua and Barbuda,656772,746977,245482,172363,54021
China,Aruba,17689,16244,21325,53572,51743
China,Comoros,8186,14943,29860,40685,47276
China,Cabo Verde,49752,57490,61996,51223,44927
China,Kiribati,13076,33983,18657,20620,44733
China,Burundi,42544,46460,50962,51602,43347
China,Saint Vincent and the Grenadines,77939,29060,25232,37294,39538
China,Dominica,26490,25299,22969,37005,34065
China,Swaziland,30686,28920,24762,26528,31262
China,Tonga,13277,20160,38480,23943,30464
China,Palau,1194,1640,3186,10456,22034
China,Saint Lucia,10152,28785,19879,29902,21282
China,Guinea-Bissau,14851,15895,11890,17153,19451
China,Cook Islands,4966,4034,19480,19420,15819
China,Tuvalu,14939,143449,7534,4645,15337
China,Central African Republic,14271,17684,9459,7212,15214
China,"Micronesia, Federated States of",3413,4079,4938,9341,14503
China,Saint Kitts and Nevis,4385,2705,15592,26663,13425
China,Grenada,5912,19869,7572,14865,12546
China,Bhutan,17382,15604,17405,11115,9949
China,Sao Tome and Principe,1792,3008,4862,5728,7871
China,Oceania Nes,2092,2039,2517,5199,6083
China,Nauru,185,972,1075,2752,4883
China,Africa not elsewhere specified,5356,10242,8614,10775,4637
China,Turks and Caicos Islands,400,296,378,1086,3791
China,Montserrat,18,9,151,416,3561
China,St. Pierre and Miquelon,2,4,19,228,2728
China,America not elsewhere specified,51,303,1884,992,2637
China,Greenland,535,447,163,778,2614
China,Western Sahara,2,288,10,309,2597
China,Norfolk Island,358,0,0,0,2045
China,Andorra,5619,26846,2244,2204,1835
China,Wallis and Futuna Islands,563,201,714,1224,1512
China,Faroe Islands,406,1280,1445,1879,0
China,LAIA not elsewhere specified,494,775,525,388,0
China,Mayotte,11210,23396,77715,0,0
USA,World,1544932000,1577587300,1619742900,1503870400,1453720687
USA,Canada,292567767,300685611,312371471,279990084,265960649
USA,Mexico,215875039,226070227,240247090,236377320,230959100
USA,China,110516536,121721076,123675623,116186202,115775122
USA,Japan,69971995,65213790,66825973,62470435,63264257
USA,UK,54853629,47339021,53808147,56341696,55396087
USA,Germany,48372035,46862995,49028160,49617249,49361988
USA,"Korea, Republic of",42282529,41686042,44470809,43497950,42266344
USA,Netherlands,40617368,42505242,43067033,40694723,40377063
USA,"Hong Kong, China",37437333,42321051,40822125,37133932,34907968
USA,France,31925500,33864704,32449632,31454468,32438835
USA,Belgium,29434612,31920917,34771811,34103941,32270990
USA,Brazil,43771024,44092977,42427834,31665655,30297083
USA,Singapore,30499151,30621735,30204822,28618741,26868458
USA,"Taipei, Chinese",24336124,25470045,26670065,25928635,26045058
USA,Switzerland,26363312,26493077,22133642,22221402,22725831
USA,United Arab Emirates,22552553,24446087,22061768,22970393,22381773
USA,Australia,31145607,26110918,26494856,25023900,22224933
USA,India,22105715,21811337,21607499,21529612,21688959
USA,Saudi Arabia,17961238,18960148,18704865,19690157,18022555
USA,Italy,16102399,16757922,16973822,16253470,16759048
USA,Israel,14273473,13742185,15081785,13561484,13197078
USA,Colombia,16356797,18369302,20106598,16503126,13099480
USA,Chile,18773079,17517675,16512735,15586252,12940925
USA,Malaysia,12814764,13003614,13067717,12292013,11866918
USA,Thailand,10887757,11797150,11809675,11246493,10572771
USA,Spain,9551879,10243776,10200239,10248637,10373152
USA,Viet Nam,4622883,5036143,5734357,7071699,10151316
USA,Ireland,7391887,6631969,7805934,8944938,9555695
USA,Turkey,12474727,12073352,11645441,9556327,9379167
USA,Argentina,10258027,10348310,10825715,9335732,8569461
USA,Philippines,8087356,8403503,8453324,7908848,8263167
USA,Peru,9348621,10119124,10053610,8811445,8029207
USA,Dominican Republic,6967115,7155518,7922141,7134174,7785821
USA,Panama,9822506,10557240,10462658,7831067,6144082
USA,Indonesia,7997976,9096785,8284067,7122875,6037492
USA,Guatemala,5748945,5552497,5963671,5863776,5899872
USA,Costa Rica,7236638,7223400,6964076,6149869,5897426
USA,Russian Federation,10695291,11144526,10752773,7086656,5797526
USA,"Venezuela, Bolivarian Republic of",17516968,13201209,11137707,8317198,5255046
USA,Qatar,3577715,4958347,5173424,4231836,4928707
USA,Honduras,5714670,5373025,5960551,5238380,4845745
USA,South Africa,7552736,7293060,6368196,5459097,4685294
USA,Ecuador,6690073,7648703,8129379,5871589,4152818
USA,Norway,3501180,4618055,4423773,3595297,3925755
USA,Sweden,5247918,4318268,4337879,3931766,3817257
USA,Austria,3365118,3477687,3793502,3991353,3796834
USA,Poland,3346207,3778086,3650163,3700978,3661005
USA,New Zealand,3125315,3220332,4255675,3631254,3585369
USA,Egypt,5498320,5175346,6472585,4748303,3506520
USA,Kuwait,2681907,2597569,3648587,2750627,3296077
USA,El Salvador,3070529,3262029,3295875,3246739,2962547
USA,Trinidad and Tobago,2477826,2404157,2411034,2511614,2344125
USA,Denmark,2224433,2231000,2360681,2224031,2238726
USA,Algeria,1363163,1848704,2616993,1876462,2237080
USA,Bahamas,3479067,3450323,3324418,2388832,2179790
USA,Pakistan,1530065,1645795,1512132,1837839,2101095
USA,Paraguay,1740963,1932852,2115641,1503480,1979905
USA,Czech Republic,1832280,1943336,2302337,1975988,1934072
USA,Nigeria,5029335,6388833,5967789,3410334,1875382
USA,Morocco,2170397,2483741,2102226,1608416,1865988
USA,Hungary,1566157,1726911,1842762,1714322,1842745
USA,Oman,1746917,1571254,2015912,2364235,1783921
USA,Gibraltar,5109058,3576385,2530894,2005485,1771705
USA,Jamaica,1989289,1979637,2181990,1705906,1651484
USA,Netherlands Antilles,1394305,1520810,1393791,1234440,1587534
USA,Finland,2566156,2349033,2150014,1572378,1576795
USA,Jordan,1766366,2084046,2050389,1367917,1494818
USA,Nicaragua,1128213,1059654,1008621,1256506,1474669
USA,Luxembourg,1903125,1848773,1516207,1402765,1448481
USA,Angola,1490579,1443439,2039125,1163508,1275761
USA,Iraq,2053842,2021734,2105746,1969643,1268733
USA,Uruguay,1359233,1754688,1605794,1301885,1137971
USA,Lebanon,1039943,1034282,1268529,1256339,1134634
USA,Kazakhstan,883647,1150149,1008954,508715,1111087
USA,Haiti,1050230,1226730,1276652,1143955,1102512
USA,Ukraine,1935417,1924759,1239813,859581,1078491
USA,Portugal,1097096,844359,1135635,939752,948185
USA,Afghanistan,1521555,1409639,792389,499749,913463
USA,Bahrain,1176914,1017912,1059758,1274053,902089
USA,Bangladesh,508181,708816,1113364,948084,895371
USA,Ghana,1322495,982393,1186244,887249,830492
USA,Ethiopia,1274672,688508,1668976,1554718,827291
USA,Aruba,710159,1099961,1357737,1154617,777448
USA,Cayman Islands,667000,679737,812722,683224,755900
USA,Greece,804137,739039,773187,729534,720436
USA,Romania,832745,746523,977462,754360,714070
USA,"Bolivia, Plurinational State of",763010,1050758,1009968,910010,656747
USA,Bermuda,622417,537364,646392,600861,638840
USA,"Macao, China",345461,351203,433271,542278,631826
USA,Brunei Darussalam,157596,558209,549157,133359,614917
USA,Tunisia,614866,870178,831402,559747,524237
USA,Barbados,458568,452156,539917,591573,482509
USA,Iceland,370820,513397,364461,388610,467290
USA,Lithuania,756984,854290,681146,528099,463522
USA,Guyana,359571,318388,369961,367398,445060
USA,Azerbaijan,492623,380994,950265,469842,434218
USA,Saint Lucia,376958,594312,693802,495512,402765
USA,Kenya,568584,635689,1640899,936761,393867
USA,Sri Lanka,223950,311912,350340,372124,368883
USA,Cambodia,226405,241226,327933,392368,361638
USA,Marshall Islands,142133,65478,94724,81016,336483
USA,Slovenia,307878,269534,301219,367378,335207
USA,British Virgin Islands,171759,312739,386662,259496,332972
USA,Georgia,541253,601253,627537,341879,324771
USA,Uzbekistan,284611,356435,212944,138007,317981
USA,Suriname,499267,449805,518648,444143,302864
USA,Turks and Caicos Islands,209630,225790,281895,279586,296594
USA,Slovakia,335549,294778,443994,380661,293195
USA,Côte d'Ivoire,188088,167577,239079,264025,286133
USA,Croatia,310054,308962,339592,331933,285668
USA,Equatorial Guinea,233162,756140,574795,158536,278427
USA,Bulgaria,248545,307323,358777,289474,269079
USA,Belize,265606,241173,236703,284504,267195
USA,Antigua and Barbuda,204628,145155,216605,670372,262000
USA,Latvia,506219,494565,428178,294811,257598
USA,Estonia,235986,292850,294950,264295,256969
USA,Malta,390983,563594,917587,471495,250546
USA,Cuba,464458,359610,299064,180334,247232
USA,Togo,370550,1007524,1024664,234019,243365
USA,Benin,572965,605364,780952,632078,232267
USA,Namibia,184615,235244,342742,127933,212927
USA,Belarus,102025,95142,93386,59258,195019
USA,Myanmar,65766,145831,92856,227310,193523
USA,Cameroon,253043,335737,301070,220875,189861
USA,"Libya, State of",549022,864518,531856,218001,188877
USA,Cyprus,166681,143224,151660,101175,185236
USA,Senegal,149119,229208,172583,196879,181980
USA,Liberia,241089,173207,184437,135855,176480
USA,"Iran, Islamic Republic of",251123,308142,186550,282173,172141
USA,Yemen,469466,518252,368878,158790,170677
USA,Serbia,148490,156518,151453,145850,163526
USA,"Tanzania, United Republic of",245390,411953,302170,171119,159596
USA,Mozambique,351609,303016,375164,264561,146948
USA,Saint Kitts and Nevis,106150,142959,184580,149772,145297
USA,Djibouti,118842,164483,110875,152732,144984
USA,Congo,237201,222398,321467,248521,130947
USA,Papua New Guinea,391382,166734,143241,207499,126812
USA,Mauritania,291594,245485,149239,126970,116311
USA,Turkmenistan,92020,261779,455525,80585,106368
USA,French Polynesia,129855,126287,129534,120112,100473
USA,Saint Vincent and the Grenadines,98708,93190,103565,84823,94957
USA,Mauritius,95987,42055,35219,58465,86964
USA,Grenada,72113,95265,83966,90101,86796
USA,Gabon,319048,307984,417347,203934,84767
USA,Guinea,154622,79463,65186,134525,84419
USA,"Congo, Democratic Republic of the",199549,169806,181849,136375,83344
USA,Zambia,146789,141149,114122,84169,81182
USA,Rwanda,30490,25191,21219,14303,74623
USA,Mali,59745,49893,38462,72231,73100
USA,Uganda,100125,122740,78262,89583,69013
USA,Sudan (Sudan and South Sudan),88032,101685,123793,79346,68576
USA,Niger,37367,46091,58516,71602,66301
USA,New Caledonia,75096,72874,121189,88555,65853
USA,Sierra Leone,100736,82411,87913,77908,63187
USA,Mongolia,664955,279573,167466,69356,55607
USA,Fiji,55608,66936,79515,57422,55006
USA,Dominica,78934,77688,64186,67269,51104
USA,Albania,54082,74365,51280,30824,50435
USA,"Macedonia, The Former Yugoslav Republic of",21118,54778,33850,30941,45784
USA,Anguilla,27409,31038,63173,47573,43970
USA,Armenia,64299,91221,60471,50241,43672
USA,"Micronesia, Federated States of",51492,41588,41523,40073,42963
USA,Botswana,47984,82091,52866,39042,42308
USA,Madagascar,64275,64008,46800,54559,42233
USA,Malawi,63951,54499,50670,36006,42152
USA,Nepal,37014,32514,36272,36479,40564
USA,Gambia,27459,34135,41539,37838,40170
USA,Somalia,16735,15959,35654,45799,36872
USA,Burkina Faso,47277,77599,72304,54436,35349
USA,Chad,36552,41461,66500,56532,32879
USA,Maldives,30052,28779,28986,35187,31060
USA,Lao People's Democratic Republic,33494,24400,28485,24584,30878
USA,Bosnia and Herzegovina,15870,38481,46080,27548,29782
USA,Zimbabwe,53478,60526,48699,36467,28974
USA,Samoa,24703,28395,22949,22693,27937
USA,Palau,16756,18238,20521,25744,25684
USA,Swaziland,40227,22675,25718,28629,25622
USA,Tajikistan,54187,51874,24503,18764,21417
USA,Kyrgyzstan,145494,106251,71678,31649,19878
USA,Montenegro,12397,21684,18179,11134,16711
USA,Tonga,26893,19239,20032,13802,15152
USA,"Moldova, Republic of",38268,45603,35269,16255,15089
USA,Seychelles,14969,12190,12688,18544,12432
USA,Solomon Islands,7255,8934,6599,5861,9898
USA,Montserrat,8566,8617,9182,6643,9485
USA,Central African Republic,8516,4103,32322,33925,9456
USA,Cabo Verde,7765,9134,7284,7303,8711
USA,Burundi,19940,16711,5599,5854,8407
USA,Vanuatu,99516,34439,21186,5868,7851
USA,British Indian Ocean Territories,2725,762,2099,581,5826
USA,French South Antarctic Territories,1239,1750,8252,8027,4912
USA,Cook Islands,5504,4869,5486,4250,4650
USA,Greenland,15857,19148,12714,9483,4053
USA,Guinea-Bissau,21095,6644,2904,2205,3663
USA,Syrian Arab Republic,19471,21642,6794,3363,3653
USA,Eritrea,5864,13476,5328,3498,3048
USA,Andorra,2238,5797,3789,3410,2830
USA,Faroe Islands,1627,2454,2361,2337,2582
USA,Tokelau,13422,828,1346,341,2411
USA,Lesotho,16514,571,2450,882,2088
USA,Sao Tome and Principe,870,1998,1088,854,1994
USA,Bhutan,2489,2351,2422,2641,1976
USA,Area Nes,175000,179871,102,0,1731
USA,Timor-Leste,1143,1365,1287,2691,1617
USA,Falkland Islands (Malvinas),4347,1241,7846,2918,1485
USA,Comoros,954,3491,3453,1507,1350
USA,"Palestine, State of",1627,1073,1924,1087,1296
USA,Kiribati,4606,6984,3294,7321,1149
USA,Christmas Islands,4054,467,169,1551,1143
USA,Tuvalu,612,560,592,626,1140
USA,Cocos (Keeling) Islands,933,22169,6041,558,779
USA,Saint Helena,4848,2867,490,3720,746
USA,Nauru,2209,759,812,1734,495
USA,Wallis and Futuna Islands,602,638,350,377,225
USA,"Korea, Democratic People's Republic of",11952,6583,24029,4752,139
USA,Norfolk Island,1228,1731,830,350,122
USA,Western Sahara,59,156,277,32,94
USA,Niue,772,249,112,71,76
USA,St. Pierre and Miquelon,180,262,4,227,62
USA,Pitcairn,41,0,56,17,52
USA,Mayotte,11610,8520,0,0,0
France,World,558460545,567987698,566656165,493941214,488751441
France,Germany,92316938,93524554,93804335,79145560,78882197
France,Spain,37799117,38591336,40237402,36022036,36649161
France,USA,34123265,35765163,36382467,36216033,36146007
France,Italy,41250069,40407822,40954491,35348278,35727551
France,UK,37689540,39093103,40208880,35002774,34790108
France,Belgium,40969186,43628179,41272866,33602850,33155175
France,Netherlands,23688786,23388044,23198882,19252838,17676489
France,China,19383272,19572699,21469260,19909795,17659690
France,Switzerland,17636549,17360709,17202851,15334471,16918360
France,Poland,8526181,8944819,9417151,8563113,9077451
France,Turkey,8874382,8319703,7958889,7866835,7745555
France,Japan,9506511,9026263,9055749,6974269,6904715
France,Singapore,7538100,7202281,6686279,5930613,6779681
France,"Hong Kong, China",7677575,6391469,5844723,5033018,5967862
France,Algeria,8161644,7843394,8175042,6891472,5622305
France,Sweden,6533884,6182776,6575828,5772978,5594191
France,Russian Federation,11722313,10199853,8964064,5002265,5408556
France,Portugal,4646112,5339372,5408533,4700041,5052766
France,Brazil,5951755,6297151,5704801,5329449,4765910
France,Morocco,5179012,5120289,5016704,4171980,4734348
France,Saudi Arabia,4140106,4532922,3917257,3489639,4557680
France,Czech Republic,4158693,4513474,4702728,4124794,4431052
France,India,4188635,3602607,3585144,3523264,4326687
France,"Korea, Republic of",4729448,5632540,6575541,5342651,4278816
France,Mexico,2783259,3252411,3361729,3556113,4095582
France,Austria,4742419,4796249,4762434,3876005,4052510
France,Romania,3908851,4444368,4555779,3760663,4020238
France,United Arab Emirates,4529327,5333113,5446019,4262119,3995816
France,Tunisia,4646161,4916785,4454019,3982277,3581267
France,Hungary,3599439,3815727,4343278,3935687,3509344
France,Canada,3730957,3901895,3901055,3568237,3346201
France,Ireland,2875343,3219501,3033426,2892213,3184816
France,Indonesia,1718388,2133936,2205676,2452332,3013125
France,Denmark,3211578,3273499,3214318,2781971,2894226
France,Slovakia,2619027,2797528,2956876,2735939,2816027
France,Australia,3856439,3677597,3416552,2613093,2467591
France,Greece,2890466,3005461,2800480,2299947,2290713
France,"Taipei, Chinese",2460998,2197857,2124381,2075492,2243029
France,Luxembourg,2615568,2763275,3221807,2182814,2212056
France,Finland,2073248,2024839,1908376,2122743,2200080
France,South Africa,2420712,2370855,2585209,2001178,1997680
France,Qatar,996456,978246,1919759,3027170,1988900
France,Thailand,2734242,3179307,1822958,1921280,1931190
France,Malaysia,3874970,3436628,3171991,1573540,1703593
France,Egypt,2212796,1789406,2097346,2341412,1699330
France,Norway,2152995,1966693,2128296,1647555,1645929
France,Viet Nam,788820,934117,1014998,1571178,1634559
France,Israel,1487452,1598649,1544401,1480749,1493476
France,Nigeria,1730766,2019347,2018083,1438223,1288645
France,Argentina,1459875,1643045,1187666,1435361,1260330
France,Côte d'Ivoire,1285430,1360679,1414142,1227229,1188691
France,Lebanon,1741495,1704012,1479601,1106524,982778
France,Philippines,1265569,1937893,2516884,930636,898888
France,New Caledonia,952992,994290,982143,835237,867831
France,Bulgaria,873145,914577,958294,845719,839193
France,Senegal,1064503,937490,968080,850115,838660
France,Slovenia,1131951,1021373,1036449,808393,817835
France,Ukraine,1359689,1272479,1025972,651865,797727
France,"Iran, Islamic Republic of",1032601,655380,601703,623413,795017
France,Chile,1028399,1009671,885673,726890,785722
France,Area Nes,1321316,701580,643023,884927,771961
France,Cameroon,864231,939382,868854,714612,699589
France,Colombia,1085749,1400148,1304242,930713,695377
France,Pakistan,591095,516552,576471,428366,612736
France,French Polynesia,582740,608475,648401,571052,591493
France,New Zealand,437666,588527,659584,777411,591110
France,Congo,757352,770845,844285,726252,576008
France,Lithuania,610851,675145,614088,496836,565947
France,Gabon,989359,966801,902350,598245,519067
France,Kazakhstan,622110,898684,884782,1042803,503159
France,Ethiopia,104197,238315,132342,252954,482247
France,Serbia,364424,388191,416904,414010,482039
France,Croatia,468007,444409,407543,403640,447123
France,Malta,518366,805717,408697,397598,435238
France,Kuwait,491298,1139507,664435,1234893,412367
France,Mali,387762,407183,464113,372107,405686
France,Mauritius,443046,444673,441990,381406,386839
France,Jordan,442728,506763,383669,344686,374731
France,Madagascar,383471,393470,386358,362289,355728
France,Peru,302739,272759,268279,278308,349606
France,Iraq,938210,664458,553263,473750,348251
France,Oman,436298,594603,664237,514852,344981
France,Togo,471412,528304,969512,632962,327616
France,Panama,1122561,1084246,391955,401663,319441
France,Ghana,424937,412686,263121,519813,305066
France,Estonia,424242,403842,339882,271536,301605
France,Latvia,346176,378191,386704,306089,299181
France,Angola,699385,612258,1022093,673255,284489
France,Cyprus,553807,475588,603192,284753,271597
France,"Congo, Democratic Republic of the",275393,299453,208879,270201,260883
France,Rwanda,20728,18574,22750,23352,259700
France,Andorra,276001,271731,279140,243264,258700
France,Burkina Faso,337559,440884,357455,287287,257763
France,Benin,344028,357393,350190,283968,237254
France,"Venezuela, Bolivarian Republic of",621104,632880,544880,312224,236483
France,Bangladesh,132846,176965,200934,320472,208418
France,"Libya, State of",694343,1063804,346478,764199,194528
France,Kenya,302969,210591,196328,209377,169273
France,Mauritania,296471,293466,278558,199986,163588
France,Dominican Republic,128180,117869,136078,150142,159563
France,Guinea,189806,172903,168167,148123,159296
France,Mozambique,107749,80094,147673,156350,158597
France,"Macao, China",140596,158496,198606,154326,153508
France,Cambodia,79727,82069,91537,97995,152786
France,Niger,206189,227217,250819,198322,142664
France,Azerbaijan,212133,353452,276742,193984,141915
France,Cuba,282897,325721,208448,162826,141891
France,"Tanzania, United Republic of",168512,111538,63928,177700,141477
France,Uruguay,248183,275146,244461,176418,141371
France,Georgia,128674,207229,144288,133097,138489
France,Bahrain,865704,183960,312603,144449,137979
France,Myanmar,24797,76021,125982,147961,135184
France,Ecuador,210439,126729,152577,160920,131175
France,France,0,71870,0,94601,127315
France,Chad,160919,159296,165847,145066,121501
France,Belarus,219117,246465,239524,168402,119672
France,Turkmenistan,226255,161236,245833,99629,110547
France,Yemen,265268,338923,361516,120996,107142
France,Uzbekistan,87498,155929,136574,118643,105891
France,Bosnia and Herzegovina,98705,93261,120775,88999,102200
France,Iceland,81905,71282,84680,80099,101638
France,Sri Lanka,164951,111330,396460,972772,100225
France,Marshall Islands,1102,2387,30365,28717,96775
France,Djibouti,83487,85394,93019,95950,94918
France,Bahamas,81039,49222,39952,75464,94811
France,Sudan (Sudan and South Sudan),96993,124958,107233,100945,94337
France,"Macedonia, The Former Yugoslav Republic of",50288,58544,66334,78563,78223
France,Papua New Guinea,22561,18743,6555,50060,72988
France,"Bolivia, Plurinational State of",34855,48464,107813,61445,67890
France,Seychelles,65834,90747,60336,53041,67401
France,Costa Rica,50796,56530,56317,59909,66362
France,Guatemala,77091,98855,157946,87172,62245
France,Paraguay,61697,78696,87943,87841,61451
France,Uganda,87689,115071,86129,58182,52823
France,British Virgin Islands,38074,38933,77452,71741,51016
France,Albania,32110,49153,46143,43917,49249
France,Haiti,49085,54011,63523,48700,48212
France,Netherlands Antilles,50499,44726,46283,57661,47962
France,Equatorial Guinea,166843,155925,137391,84962,47582
France,"Moldova, Republic of",60114,80029,63372,55082,46495
France,Comoros,31751,39435,37845,37033,44843
France,Sierra Leone,45541,39838,41870,15184,42560
France,Central African Republic,47913,35432,35449,49603,42180
France,Cabo Verde,13270,12476,14607,14747,40696
France,Armenia,51318,50172,64257,44304,39354
France,Trinidad and Tobago,105562,195932,74498,45592,33310
France,Syrian Arab Republic,159645,211950,78417,56618,32894
France,St. Pierre and Miquelon,32076,38394,41174,31873,32203
France,Botswana,11025,11527,7488,13819,30652
France,El Salvador,82166,40909,34179,28359,27218
France,Antigua and Barbuda,5193,97384,55312,27011,27052
France,Vanuatu,6781,10587,8998,7208,26021
France,Jamaica,21632,22503,22462,15428,24793
France,Barbados,26084,26363,29731,26502,24200
France,Burundi,19892,18449,19483,18802,24073
France,Liberia,30471,28506,26411,21815,24070
France,Nepal,23485,9246,21933,18199,23821
France,Afghanistan,57339,32604,22606,24132,23434
France,Brunei Darussalam,16592,14053,6728,78920,22186
France,Zambia,51484,27453,39092,31105,21446
France,Maldives,16807,54929,21807,21985,20956
France,Zimbabwe,26909,27491,19550,22582,18957
France,Malawi,51260,62075,59099,3010,18726
France,Cayman Islands,53709,33130,23486,22504,18528
France,Kyrgyzstan,23374,25472,25580,19242,18233
France,Honduras,21351,20853,46008,23534,18041
France,"Palestine, State of",13210,14871,16045,22689,17179
France,Montenegro,64754,26434,34983,21491,16341
France,Tajikistan,6635,15409,12617,13793,15967
France,Wallis and Futuna Islands,13663,17133,15774,13032,13355
France,Lao People's Democratic Republic,39584,35659,60397,11835,11873
France,Somalia,13062,16967,17054,14314,11862
France,Saint Vincent and the Grenadines,3540,5369,21791,3398,11366
France,Nicaragua,12641,13710,66670,23665,11277
France,Guam,0,0,0,0,11052
France,Saint Lucia,6340,6520,7494,7087,10983
France,Suriname,24528,55877,12505,29184,10528
France,United States Minor Outlying Islands,21302,17443,18023,13687,10392
France,Mongolia,48746,42166,23844,16515,10327
France,Aruba,16339,42287,21477,9736,9997
France,Namibia,31207,248412,26981,11938,9688
France,Gambia,9444,14498,25049,15236,9384
France,Fiji,7959,401397,61650,145123,9316
France,Bermuda,33850,5558,5265,5714,8202
France,French South Antarctic Territories,7514,10602,9719,9419,6816
France,Guinea-Bissau,8201,7499,12405,7298,5444
France,Dominica,6743,3729,5072,5860,3855
France,Guyana,12184,10077,6066,3490,3534
France,Swaziland,2174,2571,2508,4006,3524
France,Eritrea,3932,3293,3957,2666,3225
France,Northern Mariana Islands,2748,2953,3017,3995,3008
France,Grenada,1796,2798,1565,2541,2921
France,"Korea, Democratic People's Republic of",2268,1432,940,3346,2202
France,Turks and Caicos Islands,1588,1979,2545,7004,1995
France,Faroe Islands,1942,1188,2531,1774,1872
France,Anguilla,7084,564,2261,377,1676
France,Belize,5810,2417,5109,1146,1440
France,Sao Tome and Principe,2200,722,1096,785,1335
France,"Micronesia, Federated States of",299,162,41,495,1046
France,Saint Kitts and Nevis,788,1657,978,950,1012
France,Ship stores and bunkers,0,0,0,0,1009
France,Greenland,1666,3329,1192,1117,950
France,Bhutan,2680,638,441,321,622
France,Falkland Islands (Malvinas),166,44,136,24,596
France,Lesotho,1277,377,303,268,569
France,Montserrat,43,96,265,1229,522
France,Cook Islands,3685,150,40,19,391
France,Timor-Leste,417,242,483,165,374
France,Pitcairn,64,0,185,0,330
France,Solomon Islands,194,186,551,425,327
France,Samoa,366,31,1697,197,308
France,Tokelau,333,69,1056,125,157
France,Palau,0,55,9,12,97
France,Nauru,63,10,420,405,44
France,Saint Helena,50,63,254,311,40
France,Tonga,47,2499,344,115,36
France,Kiribati,0,29,27,1153,31
France,Western Sahara,0,0,0,0,23
France,Cocos (Keeling) Islands,0,406,5,20,20
France,Tuvalu,0,0,0,0,10
France,Norfolk Island,0,0,3,0,7
France,British Indian Ocean Territories,0,38,73,57,0
France,Christmas Islands,30,58,0,19,0
France,Gibraltar,556427,521579,346447,186883,0
France,Africa not elsewhere specified,33480,5441,23831,6037,0
France,Mayotte,250118,287677,0,0,0
